Time,GuiPids,GuiPrivateBytes,GuiCPU,CorePids,CorePrivateBytes,CoreCPU,Ports
2026-09-06T23:50:05.7661818+08:00,[19264],[153157632],[4.75],[432],[66506752],[1.1875],"[7890, 7891, 9090]"
2026-09-06T23:50:10.8692858+08:00,[19264],[152100864],[4.765625],[432],[66572288],[1.265625],"[7890, 7891, 9090]"
2026-09-06T23:50:15.9368516+08:00,[19264],[152920064],[4.796875],[432],[66572288],[1.265625],"[7890, 7891, 9090]"
2026-09-06T23:50:21.0448177+08:00,[19264],[152920064],[4.8125],[432],[66572288],[1.28125],"[7890, 7891, 9090]"
2026-09-06T23:50:26.1227608+08:00,[19264],[153444352],[4.828125],[432],[66572288],[1.296875],"[7890, 7891, 9090]"
2026-09-06T23:50:31.2159358+08:00,[19264],[153968640],[4.84375],[432],[66572288],[1.296875],"[7890, 7891, 9090]"
2026-09-06T23:50:36.2728067+08:00,[19264],[154976256],[4.875],[432],[67821568],[2.015625],"[7890, 7891, 9090]"
2026-09-06T23:50:41.3119244+08:00,[19264],[157073408],[4.921875],[432],[70602752],[2.40625],"[7890, 7891, 9090]"
2026-09-06T23:50:46.3781616+08:00,[19264],[157597696],[4.953125],[432],[70676480],[2.9375],"[7890, 7891, 9090]"
2026-09-06T23:50:51.4612773+08:00,[19264],[157597696],[4.96875],[432],[70676480],[3.046875],"[7890, 7891, 9090]"
2026-09-06T23:50:56.5357093+08:00,[19264],[157597696],[5],[432],[70676480],[3.0625],"[7890, 7891, 9090]"
2026-09-06T23:51:01.6211044+08:00,[19264],[159707136],[5.015625],[432],[70676480],[3.078125],"[7890, 7891, 9090]"
2026-09-06T23:51:06.7008968+08:00,[19264],[158617600],[5.03125],[432],[70676480],[3.140625],"[7890, 7891, 9090]"
2026-09-06T23:51:11.7560580+08:00,[19264],[158560256],[5.046875],[432],[70676480],[3.1875],"[7890, 7891, 9090]"
2026-09-06T23:51:16.8091758+08:00,[19264],[158560256],[5.078125],[432],[72638464],[3.28125],"[7890, 7891, 9090]"
2026-09-06T23:51:21.8259000+08:00,[19264],[158494720],[5.078125],[432],[73097216],[3.421875],"[7890, 7891, 9090]"
2026-09-06T23:51:26.9163456+08:00,[19264],[158494720],[5.09375],[432],[75001856],[3.625],"[7890, 7891, 9090]"
2026-09-06T23:51:31.9644492+08:00,[19264],[158494720],[5.125],[432],[75157504],[3.921875],"[7890, 7891, 9090]"
2026-09-06T23:51:37.0409285+08:00,[19264],[158527488],[5.15625],[432],[75640832],[4.015625],"[7890, 7891, 9090]"
2026-09-06T23:51:42.0719212+08:00,[19264],[160919552],[5.1875],[432],[75714560],[4.03125],"[7890, 7891, 9090]"
2026-09-06T23:51:47.1366780+08:00,[19264],[158806016],[5.203125],[432],[75722752],[4.0625],"[7890, 7891, 9090]"
2026-09-06T23:51:52.2009100+08:00,[19264],[158806016],[5.234375],[432],[75649024],[4.0625],"[7890, 7891, 9090]"
2026-09-06T23:51:57.2467243+08:00,[19264],[158806016],[5.265625],[432],[75649024],[4.171875],"[7890, 7891, 9090]"
2026-09-06T23:52:02.3288448+08:00,[19264],[158806016],[5.296875],[432],[75649024],[4.359375],"[7890, 7891, 9090]"
2026-09-06T23:52:07.4049844+08:00,[19264],[158806016],[5.3125],[432],[75685888],[4.46875],"[7890, 7891, 9090]"
2026-09-06T23:52:12.4713354+08:00,[19264],[158806016],[5.328125],[432],[75685888],[4.46875],"[7890, 7891, 9090]"
2026-09-06T23:52:17.5108657+08:00,[19264],[159862784],[5.34375],[432],[76750848],[4.53125],"[7890, 7891, 9090]"
2026-09-06T23:52:22.5695631+08:00,[19264],[158806016],[5.359375],[432],[77217792],[4.796875],"[7890, 7891, 9090]"
2026-09-06T23:52:27.6405578+08:00,[19264],[158806016],[5.375],[432],[80084992],[4.90625],"[7890, 7891, 9090]"
2026-09-06T23:52:32.7102088+08:00,[19264],[158806016],[5.390625],[432],[80609280],[4.9375],"[7890, 7891, 9090]"
2026-09-06T23:52:37.7631866+08:00,[19264],[158806016],[5.390625],[432],[80609280],[5.125],"[7890, 7891, 9090]"
2026-09-06T23:52:42.7863023+08:00,[19264],[158806016],[5.390625],[432],[80609280],[5.5],"[7890, 7891, 9090]"
2026-09-06T23:52:47.7915388+08:00,[19264],[158806016],[5.40625],[432],[75923456],[6.203125],"[7890, 7891, 9090]"
2026-09-06T23:52:52.8319654+08:00,[19264],[158806016],[5.421875],[432],[75923456],[7.125],"[7890, 7891, 9090]"
2026-09-06T23:52:57.8774122+08:00,[19264],[158806016],[5.421875],[432],[75939840],[8.546875],"[7890, 7891, 9090]"
2026-09-06T23:53:02.9543536+08:00,[19264],[158806016],[5.4375],[432],[75939840],[8.578125],"[7890, 7891, 9090]"
2026-09-06T23:53:07.9932169+08:00,[19264],[158806016],[5.453125],[432],[75939840],[8.609375],"[7890, 7891, 9090]"
2026-09-06T23:53:13.0248692+08:00,[19264],[158806016],[5.453125],[432],[75939840],[8.640625],"[7890, 7891, 9090]"
2026-09-06T23:53:18.0966445+08:00,[19264],[158810112],[5.484375],[432],[75939840],[8.65625],"[7890, 7891, 9090]"
2026-09-06T23:53:23.1476949+08:00,[19264],[158810112],[5.5],[432],[75939840],[8.703125],"[7890, 7891, 9090]"
2026-09-06T23:53:28.2474107+08:00,[19264],[158810112],[5.515625],[432],[75939840],[8.71875],"[7890, 7891, 9090]"
2026-09-06T23:53:33.3289316+08:00,[19264],[158810112],[5.53125],[432],[75948032],[8.8125],"[7890, 7891, 9090]"
2026-09-06T23:53:38.3959819+08:00,[19264],[158810112],[5.546875],[432],[75948032],[8.828125],"[7890, 7891, 9090]"
2026-09-06T23:53:43.4643487+08:00,[19264],[158810112],[5.578125],[432],[77336576],[9.0625],"[7890, 7891, 9090]"
2026-09-06T23:53:48.5352465+08:00,[19264],[159866880],[5.578125],[432],[77393920],[9.171875],"[7890, 7891, 9090]"
2026-09-06T23:53:53.6143500+08:00,[19264],[158810112],[5.59375],[432],[77393920],[9.171875],"[7890, 7891, 9090]"
2026-09-06T23:53:58.6579579+08:00,[19264],[158810112],[5.609375],[432],[77393920],[9.171875],"[7890, 7891, 9090]"
2026-09-06T23:54:03.7263787+08:00,[19264],[158818304],[5.671875],[432],[77357056],[9.171875],"[7890, 7891, 9090]"
2026-09-06T23:54:08.7845251+08:00,[19264],[158818304],[5.671875],[432],[77357056],[9.296875],"[7890, 7891, 9090]"
2026-09-06T23:54:13.8546270+08:00,[19264],[158818304],[5.6875],[432],[77393920],[9.328125],"[7890, 7891, 9090]"
2026-09-06T23:54:18.9487755+08:00,[19264],[158818304],[5.71875],[432],[77393920],[9.359375],"[7890, 7891, 9090]"
2026-09-06T23:54:24.0033370+08:00,[19264],[158818304],[5.734375],[432],[77393920],[9.375],"[7890, 7891, 9090]"
2026-09-06T23:54:29.0657772+08:00,[19264],[158818304],[5.75],[432],[77393920],[9.375],"[7890, 7891, 9090]"
2026-09-06T23:54:34.1081866+08:00,[19264],[158818304],[5.75],[432],[77393920],[9.390625],"[7890, 7891, 9090]"
2026-09-06T23:54:39.1768847+08:00,[19264],[158818304],[5.765625],[432],[77393920],[9.484375],"[7890, 7891, 9090]"
2026-09-06T23:54:44.2544118+08:00,[19264],[158818304],[5.78125],[432],[77393920],[9.5],"[7890, 7891, 9090]"
2026-09-06T23:54:49.3105422+08:00,[19264],[158818304],[5.796875],[432],[77393920],[9.53125],"[7890, 7891, 9090]"
2026-09-06T23:54:54.3810524+08:00,[19264],[158818304],[5.8125],[432],[77451264],[9.609375],"[7890, 7891, 9090]"
2026-09-06T23:54:59.4511007+08:00,[19264],[158818304],[5.828125],[432],[77484032],[9.65625],"[7890, 7891, 9090]"
2026-09-06T23:55:04.4942468+08:00,[19264],[158818304],[5.84375],[432],[77516800],[9.71875],"[7890, 7891, 9090]"
2026-09-06T23:55:09.5461305+08:00,[19264],[158818304],[5.84375],[432],[77516800],[9.796875],"[7890, 7891, 9090]"
2026-09-06T23:55:14.5906259+08:00,[19264],[158818304],[5.859375],[432],[78073856],[9.828125],"[7890, 7891, 9090]"
2026-09-06T23:55:19.6390617+08:00,[19264],[158818304],[5.859375],[432],[78073856],[9.828125],"[7890, 7891, 9090]"
2026-09-06T23:55:24.7026119+08:00,[19264],[158818304],[5.890625],[432],[78073856],[9.859375],"[7890, 7891, 9090]"
2026-09-06T23:55:29.7805163+08:00,[19264],[158818304],[5.90625],[432],[78073856],[9.890625],"[7890, 7891, 9090]"
2026-09-06T23:55:34.8518939+08:00,[19264],[158818304],[5.921875],[432],[78073856],[9.9375],"[7890, 7891, 9090]"
2026-09-06T23:55:39.9259722+08:00,[19264],[158818304],[5.9375],[432],[78073856],[9.9375],"[7890, 7891, 9090]"
2026-09-06T23:55:44.9393227+08:00,[19264],[158785536],[5.953125],[432],[78368768],[10],"[7890, 7891, 9090]"
2026-09-06T23:55:49.9944472+08:00,[19264],[158785536],[5.96875],[432],[78368768],[10.0625],"[7890, 7891, 9090]"
2026-09-06T23:55:55.0622942+08:00,[19264],[158785536],[6.015625],[432],[78368768],[10.140625],"[7890, 7891, 9090]"
2026-09-06T23:56:00.1103457+08:00,[19264],[158785536],[6.03125],[432],[78368768],[10.15625],"[7890, 7891, 9090]"
2026-09-06T23:56:05.1688203+08:00,[19264],[158814208],[6.03125],[432],[78368768],[10.171875],"[7890, 7891, 9090]"
2026-09-06T23:56:10.2280966+08:00,[19264],[158814208],[6.046875],[432],[78368768],[10.234375],"[7890, 7891, 9090]"
2026-09-06T23:56:15.2606493+08:00,[19264],[158814208],[6.078125],[432],[78368768],[10.328125],"[7890, 7891, 9090]"
2026-09-06T23:56:20.3653884+08:00,[19264],[158814208],[6.09375],[432],[78331904],[10.328125],"[7890, 7891, 9090]"
2026-09-06T23:56:25.4148096+08:00,[19264],[158814208],[6.109375],[432],[78368768],[10.375],"[7890, 7891, 9090]"
2026-09-06T23:56:30.4604345+08:00,[19264],[159870976],[6.109375],[432],[78368768],[10.453125],"[7890, 7891, 9090]"
2026-09-06T23:56:35.5446709+08:00,[19264],[158814208],[6.125],[432],[78368768],[10.453125],"[7890, 7891, 9090]"
2026-09-06T23:56:40.6026503+08:00,[19264],[158814208],[6.140625],[432],[78368768],[10.453125],"[7890, 7891, 9090]"
2026-09-06T23:56:45.7066017+08:00,[19264],[158814208],[6.140625],[432],[78368768],[10.453125],"[7890, 7891, 9090]"
2026-09-06T23:56:50.7328579+08:00,[19264],[158814208],[6.171875],[432],[78368768],[10.453125],"[7890, 7891, 9090]"
2026-09-06T23:56:55.7904344+08:00,[19264],[158814208],[6.1875],[432],[78368768],[10.5],"[7890, 7891, 9090]"
2026-09-06T23:57:00.8323835+08:00,[19264],[158814208],[6.203125],[432],[78368768],[10.5],"[7890, 7891, 9090]"
2026-09-06T23:57:05.9096407+08:00,[19264],[158814208],[6.203125],[432],[78368768],[10.515625],"[7890, 7891, 9090]"
2026-09-06T23:57:10.9663329+08:00,[19264],[158814208],[6.203125],[432],[78368768],[10.53125],"[7890, 7891, 9090]"
2026-09-06T23:57:16.0384496+08:00,[19264],[158814208],[6.234375],[432],[78368768],[10.65625],"[7890, 7891, 9090]"
2026-09-06T23:57:21.1074682+08:00,[19264],[158814208],[6.265625],[432],[78368768],[10.6875],"[7890, 7891, 9090]"
2026-09-06T23:57:26.1764972+08:00,[19264],[158814208],[6.265625],[432],[78368768],[10.71875],"[7890, 7891, 9090]"
2026-09-06T23:57:31.2546092+08:00,[19264],[158814208],[6.28125],[432],[78368768],[10.78125],"[7890, 7891, 9090]"
2026-09-06T23:57:36.3310249+08:00,[19264],[158814208],[6.296875],[432],[78368768],[10.84375],"[7890, 7891, 9090]"
2026-09-06T23:57:41.4162824+08:00,[19264],[158814208],[6.3125],[432],[78368768],[10.890625],"[7890, 7891, 9090]"
2026-09-06T23:57:46.4667560+08:00,[19264],[158814208],[6.328125],[432],[69783552],[10.96875],"[7890, 7891, 9090]"
2026-09-06T23:57:51.5259446+08:00,[19264],[158814208],[6.34375],[432],[69783552],[10.984375],"[7890, 7891, 9090]"
2026-09-06T23:57:56.5969454+08:00,[19264],[158814208],[6.359375],[432],[70078464],[11.03125],"[7890, 7891, 9090]"
2026-09-06T23:58:01.6846896+08:00,[19264],[158785536],[6.359375],[432],[70144000],[11.046875],"[7890, 7891, 9090]"
2026-09-06T23:58:06.7353671+08:00,[19264],[158814208],[6.375],[432],[70512640],[11.140625],"[7890, 7891, 9090]"
2026-09-06T23:58:11.7972824+08:00,[19264],[158814208],[6.390625],[432],[70529024],[11.15625],"[7890, 7891, 9090]"
2026-09-06T23:58:16.8424119+08:00,[19264],[158814208],[6.40625],[432],[70766592],[11.234375],"[7890, 7891, 9090]"
2026-09-06T23:58:21.8709530+08:00,[19264],[158814208],[6.421875],[432],[70799360],[11.3125],"[7890, 7891, 9090]"
2026-09-06T23:58:26.9657767+08:00,[19264],[158814208],[6.4375],[432],[70815744],[11.40625],"[7890, 7891, 9090]"
2026-09-06T23:58:31.9975076+08:00,[19264],[158814208],[6.453125],[432],[70778880],[11.453125],"[7890, 7891, 9090]"
2026-09-06T23:58:37.0608021+08:00,[19264],[158814208],[6.46875],[432],[70778880],[11.484375],"[7890, 7891, 9090]"
2026-09-06T23:58:42.1266290+08:00,[19264],[158814208],[6.5],[432],[71360512],[11.5],"[7890, 7891, 9090]"
2026-09-06T23:58:47.2308745+08:00,[19264],[158814208],[6.515625],[432],[71442432],[11.5],"[7890, 7891, 9090]"
2026-09-06T23:58:52.3001431+08:00,[19264],[158814208],[6.53125],[432],[71712768],[11.71875],"[7890, 7891, 9090]"
2026-09-06T23:58:57.3535586+08:00,[19264],[158814208],[6.53125],[432],[71888896],[11.765625],"[7890, 7891, 9090]"
2026-09-06T23:59:02.4055351+08:00,[19264],[159870976],[6.546875],[432],[72110080],[12.015625],"[7890, 7891, 9090]"
2026-09-06T23:59:07.4571859+08:00,[19264],[158842880],[6.546875],[432],[72151040],[12.015625],"[7890, 7891, 9090]"
2026-09-06T23:59:12.5153301+08:00,[19264],[158842880],[6.5625],[432],[72192000],[12.03125],"[7890, 7891, 9090]"
2026-09-06T23:59:17.5823673+08:00,[19264],[158842880],[6.59375],[432],[72192000],[12.078125],"[7890, 7891, 9090]"
2026-09-06T23:59:22.6474899+08:00,[19264],[158842880],[6.59375],[432],[72192000],[12.078125],"[7890, 7891, 9090]"
2026-09-06T23:59:27.7017068+08:00,[19264],[158842880],[6.609375],[432],[72192000],[12.109375],"[7890, 7891, 9090]"
2026-09-06T23:59:32.7585074+08:00,[19264],[158842880],[6.625],[432],[72192000],[12.234375],"[7890, 7891, 9090]"
2026-09-06T23:59:37.8948272+08:00,[19264],[158842880],[6.65625],[432],[72253440],[12.28125],"[7890, 7891, 9090]"
2026-09-06T23:59:43.0105984+08:00,[19264],[158842880],[6.671875],[432],[72253440],[12.296875],"[7890, 7891, 9090]"
2026-09-06T23:59:48.1100092+08:00,[19264],[158842880],[6.703125],[432],[72253440],[12.296875],"[7890, 7891, 9090]"
2026-09-06T23:59:53.1937424+08:00,[19264],[158842880],[6.734375],[432],[72253440],[12.3125],"[7890, 7891, 9090]"
2026-09-06T23:59:58.2718747+08:00,[19264],[158842880],[6.75],[432],[72253440],[12.328125],"[7890, 7891, 9090]"
2026-09-07T00:00:03.3340086+08:00,[19264],[158842880],[6.75],[432],[72327168],[12.359375],"[7890, 7891, 9090]"
2026-09-07T00:00:08.3852177+08:00,[19264],[158842880],[6.75],[432],[72327168],[12.375],"[7890, 7891, 9090]"
2026-09-07T00:00:13.4733893+08:00,[19264],[158777344],[6.765625],[432],[72335360],[12.484375],"[7890, 7891, 9090]"
2026-09-07T00:00:18.5361291+08:00,[19264],[158777344],[6.765625],[432],[72335360],[12.53125],"[7890, 7891, 9090]"
2026-09-07T00:00:23.6188906+08:00,[19264],[158777344],[6.78125],[432],[72335360],[12.578125],"[7890, 7891, 9090]"
2026-09-07T00:00:28.6989316+08:00,[19264],[158777344],[6.78125],[432],[72335360],[12.59375],"[7890, 7891, 9090]"
2026-09-07T00:00:33.7690379+08:00,[19264],[158810112],[6.796875],[432],[72335360],[12.6875],"[7890, 7891, 9090]"
2026-09-07T00:00:38.8378692+08:00,[19264],[158810112],[6.8125],[432],[72335360],[12.78125],"[7890, 7891, 9090]"
2026-09-07T00:00:43.9082179+08:00,[19264],[158810112],[6.8125],[432],[72335360],[12.796875],"[7890, 7891, 9090]"
2026-09-07T00:00:48.9673158+08:00,[19264],[158810112],[6.828125],[432],[72261632],[12.8125],"[7890, 7891, 9090]"
2026-09-07T00:00:54.0380807+08:00,[19264],[158810112],[6.84375],[432],[72298496],[12.859375],"[7890, 7891, 9090]"
2026-09-07T00:00:59.0794021+08:00,[19264],[158810112],[6.875],[432],[72298496],[12.953125],"[7890, 7891, 9090]"
2026-09-07T00:01:04.1534009+08:00,[19264],[158810112],[6.90625],[432],[72298496],[12.96875],"[7890, 7891, 9090]"
2026-09-07T00:01:09.2014276+08:00,[19264],[158810112],[6.90625],[432],[72298496],[12.984375],"[7890, 7891, 9090]"
2026-09-07T00:01:14.2626547+08:00,[19264],[158810112],[6.9375],[432],[72298496],[13.046875],"[7890, 7891, 9090]"
2026-09-07T00:01:19.2899145+08:00,[19264],[158810112],[6.9375],[432],[72298496],[13.234375],"[7890, 7891, 9090]"
2026-09-07T00:01:24.3466921+08:00,[19264],[158810112],[6.9375],[432],[72298496],[13.296875],"[7890, 7891, 9090]"
2026-09-07T00:01:29.3983732+08:00,[19264],[158810112],[6.953125],[432],[72298496],[13.390625],"[7890, 7891, 9090]"
2026-09-07T00:01:34.4443944+08:00,[19264],[158810112],[6.96875],[432],[72298496],[13.421875],"[7890, 7891, 9090]"
2026-09-07T00:01:39.4743970+08:00,[19264],[159866880],[6.984375],[432],[72298496],[13.59375],"[7890, 7891, 9090]"
2026-09-07T00:01:44.5358124+08:00,[19264],[158810112],[7],[432],[72298496],[13.625],"[7890, 7891, 9090]"
2026-09-07T00:01:49.5985789+08:00,[19264],[158810112],[7.015625],[432],[72298496],[13.625],"[7890, 7891, 9090]"
2026-09-07T00:01:54.6536046+08:00,[19264],[158810112],[7.03125],[432],[72421376],[13.75],"[7890, 7891, 9090]"
2026-09-07T00:01:59.6865712+08:00,[19264],[158810112],[7.0625],[432],[72552448],[13.859375],"[7890, 7891, 9090]"
2026-09-07T00:02:04.7451523+08:00,[19264],[158810112],[7.078125],[432],[72552448],[13.9375],"[7890, 7891, 9090]"
2026-09-07T00:02:09.7987420+08:00,[19264],[158810112],[7.09375],[432],[72552448],[13.984375],"[7890, 7891, 9090]"
2026-09-07T00:02:14.8164141+08:00,[19264],[158810112],[7.125],[432],[72585216],[14.140625],"[7890, 7891, 9090]"
2026-09-07T00:02:19.8774205+08:00,[19264],[158810112],[7.125],[432],[70094848],[14.328125],"[7890, 7891, 9090]"
2026-09-07T00:02:24.9024838+08:00,[19264],[158810112],[7.140625],[432],[70094848],[14.46875],"[7890, 7891, 9090]"
2026-09-07T00:02:29.9385903+08:00,[19264],[158781440],[7.171875],[432],[70094848],[14.546875],"[7890, 7891, 9090]"
2026-09-07T00:02:35.0211356+08:00,[19264],[158810112],[7.1875],[432],[70094848],[14.578125],"[7890, 7891, 9090]"
2026-09-07T00:02:40.0921988+08:00,[19264],[158810112],[7.203125],[432],[70094848],[14.65625],"[7890, 7891, 9090]"
2026-09-07T00:02:45.1573984+08:00,[19264],[158810112],[7.21875],[432],[70094848],[14.75],"[7890, 7891, 9090]"
2026-09-07T00:02:50.2195527+08:00,[19264],[158810112],[7.25],[432],[70094848],[14.796875],"[7890, 7891, 9090]"
2026-09-07T00:02:55.2574592+08:00,[19264],[158810112],[7.265625],[432],[70094848],[14.984375],"[7890, 7891, 9090]"
2026-09-07T00:03:00.3110779+08:00,[19264],[158810112],[7.28125],[432],[70057984],[15.03125],"[7890, 7891, 9090]"
2026-09-07T00:03:05.3659569+08:00,[19264],[158810112],[7.296875],[432],[70057984],[15.15625],"[7890, 7891, 9090]"
2026-09-07T00:03:10.4018645+08:00,[19264],[158810112],[7.328125],[432],[70057984],[15.1875],"[7890, 7891, 9090]"
2026-09-07T00:03:15.4334165+08:00,[19264],[158810112],[7.34375],[432],[70057984],[15.234375],"[7890, 7891, 9090]"
2026-09-07T00:03:20.5096129+08:00,[19264],[158810112],[7.359375],[432],[70057984],[15.28125],"[7890, 7891, 9090]"
2026-09-07T00:03:25.5349105+08:00,[19264],[158810112],[7.359375],[432],[70094848],[15.296875],"[7890, 7891, 9090]"
2026-09-07T00:03:30.5849980+08:00,[19264],[158810112],[7.375],[432],[70184960],[15.34375],"[7890, 7891, 9090]"
2026-09-07T00:03:35.6676111+08:00,[19264],[158810112],[7.421875],[432],[70479872],[15.40625],"[7890, 7891, 9090]"
2026-09-07T00:03:40.7114785+08:00,[19264],[158810112],[7.4375],[432],[71135232],[15.609375],"[7890, 7891, 9090]"
2026-09-07T00:03:45.7493481+08:00,[19264],[158810112],[7.453125],[432],[71200768],[15.609375],"[7890, 7891, 9090]"
2026-09-07T00:03:50.8184099+08:00,[19264],[158810112],[7.46875],[432],[71274496],[15.671875],"[7890, 7891, 9090]"
2026-09-07T00:03:55.8891795+08:00,[19264],[158810112],[7.5],[432],[71438336],[15.703125],"[7890, 7891, 9090]"
2026-09-07T00:04:00.9589359+08:00,[19264],[158810112],[7.515625],[432],[71438336],[15.703125],"[7890, 7891, 9090]"
2026-09-07T00:04:06.0243383+08:00,[19264],[158810112],[7.53125],[432],[71438336],[15.765625],"[7890, 7891, 9090]"
2026-09-07T00:04:11.0629285+08:00,[19264],[158810112],[7.546875],[432],[71438336],[15.8125],"[7890, 7891, 9090]"
2026-09-07T00:04:16.1218909+08:00,[19264],[159866880],[7.5625],[432],[71438336],[15.828125],"[7890, 7891, 9090]"
2026-09-07T00:04:21.1686138+08:00,[19264],[158810112],[7.578125],[432],[71438336],[15.859375],"[7890, 7891, 9090]"
2026-09-07T00:04:26.2649438+08:00,[19264],[158810112],[7.59375],[432],[71438336],[15.859375],"[7890, 7891, 9090]"
2026-09-07T00:04:31.3526140+08:00,[19264],[158810112],[7.609375],[432],[71438336],[15.875],"[7890, 7891, 9090]"
2026-09-07T00:04:36.4267566+08:00,[19264],[158810112],[7.625],[432],[71438336],[15.875],"[7890, 7891, 9090]"
2026-09-07T00:04:41.4777010+08:00,[19264],[158781440],[7.640625],[432],[71438336],[15.875],"[7890, 7891, 9090]"
2026-09-07T00:04:46.5373521+08:00,[19264],[158781440],[7.65625],[432],[71438336],[15.921875],"[7890, 7891, 9090]"
2026-09-07T00:04:51.5732204+08:00,[19264],[158781440],[7.671875],[432],[71438336],[15.96875],"[7890, 7891, 9090]"
2026-09-07T00:04:56.6501411+08:00,[19264],[158781440],[7.703125],[432],[71438336],[16.015625],"[7890, 7891, 9090]"
2026-09-07T00:05:01.6870351+08:00,[19264],[158781440],[7.734375],[432],[71438336],[16.046875],"[7890, 7891, 9090]"
2026-09-07T00:05:06.7567982+08:00,[19264],[158810112],[7.75],[432],[71438336],[16.046875],"[7890, 7891, 9090]"
2026-09-07T00:05:11.8289875+08:00,[19264],[158810112],[7.765625],[432],[71438336],[16.046875],"[7890, 7891, 9090]"
2026-09-07T00:05:16.8846472+08:00,[19264],[158810112],[7.78125],[432],[71401472],[16.046875],"[7890, 7891, 9090]"
2026-09-07T00:05:21.9760320+08:00,[19264],[158810112],[7.8125],[432],[71401472],[16.078125],"[7890, 7891, 9090]"
2026-09-07T00:05:27.0323221+08:00,[19264],[158810112],[7.828125],[432],[71438336],[16.078125],"[7890, 7891, 9090]"
2026-09-07T00:05:32.1020373+08:00,[19264],[158810112],[7.84375],[432],[71438336],[16.171875],"[7890, 7891, 9090]"
2026-09-07T00:05:37.1504962+08:00,[19264],[158810112],[7.859375],[432],[71438336],[16.234375],"[7890, 7891, 9090]"
2026-09-07T00:05:42.1848212+08:00,[19264],[158810112],[7.875],[432],[71438336],[16.234375],"[7890, 7891, 9090]"
2026-09-07T00:05:47.2551079+08:00,[19264],[158810112],[7.890625],[432],[71438336],[16.265625],"[7890, 7891, 9090]"
2026-09-07T00:05:52.3404217+08:00,[19264],[158810112],[7.90625],[432],[71438336],[16.296875],"[7890, 7891, 9090]"
2026-09-07T00:05:57.4074472+08:00,[19264],[158810112],[7.921875],[432],[68096000],[16.296875],"[7890, 7891, 9090]"
2026-09-07T00:06:02.4381541+08:00,[19264],[158810112],[7.921875],[432],[68096000],[16.390625],"[7890, 7891, 9090]"
2026-09-07T00:06:07.5285642+08:00,[19264],[158810112],[7.921875],[432],[68120576],[16.40625],"[7890, 7891, 9090]"
2026-09-07T00:06:12.5909847+08:00,[19264],[158810112],[7.9375],[432],[68120576],[16.40625],"[7890, 7891, 9090]"
2026-09-07T00:06:17.6403987+08:00,[19264],[158810112],[7.953125],[432],[68153344],[16.40625],"[7890, 7891, 9090]"
2026-09-07T00:06:22.7055331+08:00,[19264],[158810112],[7.96875],[432],[68153344],[16.40625],"[7890, 7891, 9090]"
2026-09-07T00:06:27.7631722+08:00,[19264],[158810112],[7.984375],[432],[68186112],[16.40625],"[7890, 7891, 9090]"
2026-09-07T00:06:32.8250124+08:00,[19264],[158810112],[8.03125],[432],[68186112],[16.40625],"[7890, 7891, 9090]"
2026-09-07T00:06:37.8506765+08:00,[19264],[158810112],[8.046875],[432],[68292608],[16.453125],"[7890, 7891, 9090]"
2026-09-07T00:06:42.8756356+08:00,[19264],[158810112],[8.0625],[432],[68325376],[16.484375],"[7890, 7891, 9090]"
2026-09-07T00:06:47.9272284+08:00,[19264],[158810112],[8.078125],[432],[68325376],[16.515625],"[7890, 7891, 9090]"
2026-09-07T00:06:52.9964962+08:00,[19264],[158810112],[8.078125],[432],[68325376],[16.5625],"[7890, 7891, 9090]"
2026-09-07T00:06:58.0785056+08:00,[19264],[158781440],[8.109375],[432],[68653056],[16.625],"[7890, 7891, 9090]"
2026-09-07T00:07:03.1280674+08:00,[19264],[158810112],[8.125],[432],[68718592],[16.625],"[7890, 7891, 9090]"
2026-09-07T00:07:08.2145789+08:00,[19264],[158810112],[8.140625],[432],[68718592],[16.65625],"[7890, 7891, 9090]"
2026-09-07T00:07:13.2628462+08:00,[19264],[158810112],[8.15625],[432],[68718592],[16.734375],"[7890, 7891, 9090]"
2026-09-07T00:07:18.3328980+08:00,[19264],[158810112],[8.171875],[432],[68718592],[16.8125],"[7890, 7891, 9090]"
2026-09-07T00:07:23.3856274+08:00,[19264],[158810112],[8.1875],[432],[68718592],[16.8125],"[7890, 7891, 9090]"
2026-09-07T00:07:28.4454084+08:00,[19264],[159866880],[8.21875],[432],[68681728],[16.8125],"[7890, 7891, 9090]"
2026-09-07T00:07:33.5151611+08:00,[19264],[158810112],[8.21875],[432],[68755456],[16.828125],"[7890, 7891, 9090]"
2026-09-07T00:07:38.5771928+08:00,[19264],[158810112],[8.234375],[432],[68755456],[16.828125],"[7890, 7891, 9090]"
2026-09-07T00:07:43.6288132+08:00,[19264],[158810112],[8.25],[432],[68755456],[16.84375],"[7890, 7891, 9090]"
2026-09-07T00:07:48.6580527+08:00,[19264],[158810112],[8.265625],[432],[68788224],[16.953125],"[7890, 7891, 9090]"
2026-09-07T00:07:53.7410309+08:00,[19264],[158810112],[8.265625],[432],[68788224],[16.96875],"[7890, 7891, 9090]"
2026-09-07T00:07:58.7858360+08:00,[19264],[158810112],[8.28125],[432],[68046848],[17.125],"[7890, 7891, 9090]"
2026-09-07T00:08:03.8172689+08:00,[19264],[158810112],[8.296875],[432],[68071424],[17.203125],"[7890, 7891, 9090]"
2026-09-07T00:08:08.9020592+08:00,[19264],[158810112],[8.328125],[432],[68071424],[17.234375],"[7890, 7891, 9090]"
2026-09-07T00:08:13.9630962+08:00,[19264],[158810112],[8.34375],[432],[68071424],[17.28125],"[7890, 7891, 9090]"
2026-09-07T00:08:19.0023757+08:00,[19264],[158810112],[8.34375],[432],[68071424],[17.296875],"[7890, 7891, 9090]"
2026-09-07T00:08:24.0659462+08:00,[19264],[158810112],[8.34375],[432],[68071424],[17.296875],"[7890, 7891, 9090]"
2026-09-07T00:08:29.1117413+08:00,[19264],[158810112],[8.359375],[432],[68071424],[17.390625],"[7890, 7891, 9090]"
2026-09-07T00:08:34.1743739+08:00,[19264],[158810112],[8.375],[432],[68620288],[17.46875],"[7890, 7891, 9090]"
2026-09-07T00:08:39.2248542+08:00,[19264],[158810112],[8.390625],[432],[68833280],[17.5],"[7890, 7891, 9090]"
2026-09-07T00:08:44.3280090+08:00,[19264],[158810112],[8.390625],[432],[68890624],[17.53125],"[7890, 7891, 9090]"
2026-09-07T00:08:49.4053619+08:00,[19264],[158810112],[8.40625],[432],[68947968],[17.53125],"[7890, 7891, 9090]"
2026-09-07T00:08:54.4887659+08:00,[19264],[158810112],[8.421875],[432],[68947968],[17.53125],"[7890, 7891, 9090]"
2026-09-07T00:08:59.5508431+08:00,[19264],[158810112],[8.453125],[432],[69439488],[17.578125],"[7890, 7891, 9090]"
2026-09-07T00:09:04.6062957+08:00,[19264],[158810112],[8.46875],[432],[69439488],[17.6875],"[7890, 7891, 9090]"
2026-09-07T00:09:09.6530327+08:00,[19264],[158781440],[8.515625],[432],[69496832],[17.75],"[7890, 7891, 9090]"
2026-09-07T00:09:14.6960220+08:00,[19264],[158781440],[8.53125],[432],[69496832],[17.765625],"[7890, 7891, 9090]"
2026-09-07T00:09:19.7772239+08:00,[19264],[158781440],[8.53125],[432],[69496832],[17.8125],"[7890, 7891, 9090]"
2026-09-07T00:09:24.8246073+08:00,[19264],[158781440],[8.53125],[432],[69783552],[17.859375],"[7890, 7891, 9090]"
2026-09-07T00:09:29.9024564+08:00,[19264],[158781440],[8.546875],[432],[69783552],[17.859375],"[7890, 7891, 9090]"
2026-09-07T00:09:34.9842985+08:00,[19264],[158810112],[8.578125],[432],[69783552],[17.859375],"[7890, 7891, 9090]"
2026-09-07T00:09:40.0212785+08:00,[19264],[158810112],[8.578125],[432],[69791744],[17.875],"[7890, 7891, 9090]"
2026-09-07T00:09:45.1212942+08:00,[19264],[158810112],[8.59375],[432],[69754880],[17.921875],"[7890, 7891, 9090]"
2026-09-07T00:09:50.1717174+08:00,[19264],[158810112],[8.59375],[432],[69787648],[17.96875],"[7890, 7891, 9090]"
2026-09-07T00:09:55.2181105+08:00,[19264],[158810112],[8.625],[432],[69832704],[18.0625],"[7890, 7891, 9090]"
2026-09-07T00:10:00.2514342+08:00,[19264],[158810112],[8.640625],[432],[69832704],[18.15625],"[7890, 7891, 9090]"
2026-09-07T00:10:05.2891910+08:00,[19264],[158810112],[8.65625],[432],[69857280],[18.1875],"[7890, 7891, 9090]"
2026-09-07T00:10:10.3378688+08:00,[19264],[159866880],[8.6875],[432],[69898240],[18.203125],"[7890, 7891, 9090]"
2026-09-07T00:10:15.4059908+08:00,[19264],[158810112],[8.703125],[432],[69898240],[18.203125],"[7890, 7891, 9090]"
2026-09-07T00:10:20.4666850+08:00,[19264],[158810112],[8.71875],[432],[69922816],[18.21875],"[7890, 7891, 9090]"
2026-09-07T00:10:25.5400992+08:00,[19264],[158810112],[8.734375],[432],[69922816],[18.25],"[7890, 7891, 9090]"
2026-09-07T00:10:30.5764966+08:00,[19264],[158810112],[8.75],[432],[69922816],[18.296875],"[7890, 7891, 9090]"
2026-09-07T00:10:35.6249170+08:00,[19264],[158810112],[8.765625],[432],[69922816],[18.34375],"[7890, 7891, 9090]"
2026-09-07T00:10:40.6965859+08:00,[19264],[158810112],[8.78125],[432],[69939200],[18.359375],"[7890, 7891, 9090]"
2026-09-07T00:10:45.7227741+08:00,[19264],[158810112],[8.796875],[432],[69947392],[18.390625],"[7890, 7891, 9090]"
2026-09-07T00:10:50.7986246+08:00,[19264],[158810112],[8.8125],[432],[69947392],[18.390625],"[7890, 7891, 9090]"
2026-09-07T00:10:55.8802662+08:00,[19264],[158810112],[8.84375],[432],[69947392],[18.421875],"[7890, 7891, 9090]"
2026-09-07T00:11:00.9270179+08:00,[19264],[158810112],[8.84375],[432],[69955584],[18.4375],"[7890, 7891, 9090]"
2026-09-07T00:11:06.0032195+08:00,[19264],[158810112],[8.859375],[432],[69955584],[18.46875],"[7890, 7891, 9090]"
2026-09-07T00:11:11.0768887+08:00,[19264],[158810112],[8.875],[432],[69963776],[18.46875],"[7890, 7891, 9090]"
2026-09-07T00:11:16.1263986+08:00,[19264],[158810112],[8.890625],[432],[69963776],[18.46875],"[7890, 7891, 9090]"
2026-09-07T00:11:21.2294741+08:00,[19264],[158810112],[8.921875],[432],[69963776],[18.46875],"[7890, 7891, 9090]"
2026-09-07T00:11:26.3084181+08:00,[19264],[158781440],[8.9375],[432],[69963776],[18.46875],"[7890, 7891, 9090]"
2026-09-07T00:11:31.3783307+08:00,[19264],[158781440],[8.953125],[432],[69963776],[18.46875],"[7890, 7891, 9090]"
2026-09-07T00:11:36.4450278+08:00,[19264],[158810112],[8.96875],[432],[69963776],[18.46875],"[7890, 7891, 9090]"
2026-09-07T00:11:41.5432972+08:00,[19264],[158810112],[9.015625],[432],[69971968],[18.59375],"[7890, 7891, 9090]"
2026-09-07T00:11:46.5960048+08:00,[19264],[158810112],[9.03125],[432],[69971968],[18.59375],"[7890, 7891, 9090]"
2026-09-07T00:11:51.6564485+08:00,[19264],[158810112],[9.046875],[432],[70225920],[18.59375],"[7890, 7891, 9090]"
2026-09-07T00:11:56.7215683+08:00,[19264],[158810112],[9.0625],[432],[70189056],[18.640625],"[7890, 7891, 9090]"
2026-09-07T00:12:01.7920017+08:00,[19264],[158810112],[9.09375],[432],[70189056],[18.71875],"[7890, 7891, 9090]"
2026-09-07T00:12:06.8477476+08:00,[19264],[158810112],[9.09375],[432],[70197248],[18.78125],"[7890, 7891, 9090]"
2026-09-07T00:12:11.9379665+08:00,[19264],[158810112],[9.171875],[432],[70246400],[18.921875],"[7890, 7891, 9090]"
2026-09-07T00:12:17.0166888+08:00,[19264],[159866880],[9.203125],[432],[70246400],[19.015625],"[7890, 7891, 9090]"
2026-09-07T00:12:22.0761428+08:00,[19264],[158810112],[9.28125],[432],[70336512],[19.15625],"[7890, 7891, 9090]"
2026-09-07T00:12:27.1238057+08:00,[19264],[158810112],[9.328125],[432],[70471680],[19.3125],"[7890, 7891, 9090]"
2026-09-07T00:12:32.2135562+08:00,[19264],[158810112],[9.34375],[432],[70471680],[19.421875],"[7890, 7891, 9090]"
2026-09-07T00:12:37.3035860+08:00,[19264],[158810112],[9.359375],[432],[70471680],[19.515625],"[7890, 7891, 9090]"
2026-09-07T00:12:42.3703355+08:00,[19264],[158810112],[9.375],[432],[70471680],[19.53125],"[7890, 7891, 9090]"
2026-09-07T00:12:47.4469259+08:00,[19264],[158810112],[9.390625],[432],[70471680],[19.53125],"[7890, 7891, 9090]"
2026-09-07T00:12:52.5146919+08:00,[19264],[158810112],[9.390625],[432],[70471680],[19.53125],"[7890, 7891, 9090]"
2026-09-07T00:12:57.5861057+08:00,[19264],[158810112],[9.40625],[432],[70701056],[19.578125],"[7890, 7891, 9090]"
2026-09-07T00:13:02.6655713+08:00,[19264],[158810112],[9.421875],[432],[70701056],[19.578125],"[7890, 7891, 9090]"
2026-09-07T00:13:07.7583614+08:00,[19264],[158810112],[9.453125],[432],[71020544],[19.609375],"[7890, 7891, 9090]"
2026-09-07T00:13:12.8183801+08:00,[19264],[158810112],[9.453125],[432],[71020544],[19.625],"[7890, 7891, 9090]"
2026-09-07T00:13:17.8844231+08:00,[19264],[158810112],[9.46875],[432],[71020544],[19.71875],"[7890, 7891, 9090]"
2026-09-07T00:13:22.9521919+08:00,[19264],[158810112],[9.484375],[432],[71020544],[19.828125],"[7890, 7891, 9090]"
2026-09-07T00:13:28.0346320+08:00,[19264],[158810112],[9.5],[432],[71020544],[19.828125],"[7890, 7891, 9090]"
2026-09-07T00:13:33.1055895+08:00,[19264],[158810112],[9.53125],[432],[71020544],[19.84375],"[7890, 7891, 9090]"
2026-09-07T00:13:38.1702540+08:00,[19264],[158781440],[9.546875],[432],[71020544],[19.84375],"[7890, 7891, 9090]"
2026-09-07T00:13:43.2262465+08:00,[19264],[158781440],[9.5625],[432],[71020544],[19.859375],"[7890, 7891, 9090]"
2026-09-07T00:13:48.2972352+08:00,[19264],[158781440],[9.5625],[432],[71020544],[19.96875],"[7890, 7891, 9090]"
2026-09-07T00:13:53.3793334+08:00,[19264],[158781440],[9.578125],[432],[71020544],[20.140625],"[7890, 7891, 9090]"
2026-09-07T00:13:58.4553552+08:00,[19264],[158781440],[9.59375],[432],[71020544],[20.25],"[7890, 7891, 9090]"
2026-09-07T00:14:03.5131788+08:00,[19264],[158810112],[9.625],[432],[71020544],[20.28125],"[7890, 7891, 9090]"
2026-09-07T00:14:08.5759089+08:00,[19264],[158810112],[9.640625],[432],[71020544],[20.28125],"[7890, 7891, 9090]"
2026-09-07T00:14:13.6428052+08:00,[19264],[158810112],[9.65625],[432],[70983680],[20.28125],"[7890, 7891, 9090]"
2026-09-07T00:14:18.7525850+08:00,[19264],[158810112],[9.671875],[432],[70983680],[20.28125],"[7890, 7891, 9090]"
2026-09-07T00:14:23.8526612+08:00,[19264],[159866880],[9.6875],[432],[70983680],[20.296875],"[7890, 7891, 9090]"
2026-09-07T00:14:28.9694975+08:00,[19264],[158810112],[9.703125],[432],[71020544],[20.328125],"[7890, 7891, 9090]"
2026-09-07T00:14:34.0048211+08:00,[19264],[158810112],[9.703125],[432],[71020544],[20.375],"[7890, 7891, 9090]"
2026-09-07T00:14:39.0906981+08:00,[19264],[158810112],[9.734375],[432],[71020544],[20.453125],"[7890, 7891, 9090]"
2026-09-07T00:14:44.2016661+08:00,[19264],[158810112],[9.75],[432],[71020544],[20.453125],"[7890, 7891, 9090]"
2026-09-07T00:14:49.2619262+08:00,[19264],[158810112],[9.765625],[432],[71020544],[20.453125],"[7890, 7891, 9090]"
2026-09-07T00:14:54.3716513+08:00,[19264],[158810112],[9.765625],[432],[71020544],[20.453125],"[7890, 7891, 9090]"
2026-09-07T00:14:59.4392149+08:00,[19264],[158810112],[9.78125],[432],[71028736],[20.515625],"[7890, 7891, 9090]"
2026-09-07T00:15:04.5132052+08:00,[19264],[158810112],[9.796875],[432],[71028736],[20.515625],"[7890, 7891, 9090]"
2026-09-07T00:15:09.5735665+08:00,[19264],[158810112],[9.8125],[432],[68800512],[20.515625],"[7890, 7891, 9090]"
2026-09-07T00:15:14.6684577+08:00,[19264],[158810112],[9.828125],[432],[68800512],[20.515625],"[7890, 7891, 9090]"
2026-09-07T00:15:19.7376618+08:00,[19264],[158810112],[9.828125],[432],[68800512],[20.515625],"[7890, 7891, 9090]"
2026-09-07T00:15:24.8281221+08:00,[19264],[158810112],[9.859375],[432],[68800512],[20.59375],"[7890, 7891, 9090]"
2026-09-07T00:15:29.9029122+08:00,[19264],[158810112],[9.859375],[432],[68800512],[20.59375],"[7890, 7891, 9090]"
2026-09-07T00:15:35.0027783+08:00,[19264],[158810112],[9.875],[432],[68800512],[20.59375],"[7890, 7891, 9090]"
2026-09-07T00:15:40.1359341+08:00,[19264],[158810112],[9.90625],[432],[68800512],[20.609375],"[7890, 7891, 9090]"
2026-09-07T00:15:45.2267487+08:00,[19264],[158810112],[9.921875],[432],[68800512],[20.609375],"[7890, 7891, 9090]"
2026-09-07T00:15:50.3070514+08:00,[19264],[158810112],[9.9375],[432],[68800512],[20.625],"[7890, 7891, 9090]"
2026-09-07T00:15:55.3563546+08:00,[19264],[158781440],[9.9375],[432],[69160960],[20.640625],"[7890, 7891, 9090]"
2026-09-07T00:16:00.4444359+08:00,[19264],[158781440],[9.953125],[432],[69193728],[20.640625],"[7890, 7891, 9090]"
2026-09-07T00:16:05.5343878+08:00,[19264],[158806016],[9.96875],[432],[69193728],[20.65625],"[7890, 7891, 9090]"
2026-09-07T00:16:10.6404783+08:00,[19264],[158806016],[9.984375],[432],[69193728],[20.65625],"[7890, 7891, 9090]"
2026-09-07T00:16:15.6718685+08:00,[19264],[158806016],[9.984375],[432],[69292032],[20.71875],"[7890, 7891, 9090]"
2026-09-07T00:16:20.7291975+08:00,[19264],[158806016],[10],[432],[69324800],[20.765625],"[7890, 7891, 9090]"
2026-09-07T00:16:25.8232389+08:00,[19264],[158806016],[10.015625],[432],[69390336],[20.859375],"[7890, 7891, 9090]"
2026-09-07T00:16:30.8729163+08:00,[19264],[158806016],[10.03125],[432],[69390336],[20.921875],"[7890, 7891, 9090]"
2026-09-07T00:16:35.9828194+08:00,[19264],[158806016],[10.046875],[432],[69390336],[20.9375],"[7890, 7891, 9090]"
2026-09-07T00:16:41.0465090+08:00,[19264],[158806016],[10.0625],[432],[69390336],[20.953125],"[7890, 7891, 9090]"
2026-09-07T00:16:46.1150717+08:00,[19264],[158806016],[10.078125],[432],[69390336],[21.015625],"[7890, 7891, 9090]"
2026-09-07T00:16:51.1692234+08:00,[19264],[158806016],[10.078125],[432],[69390336],[21.046875],"[7890, 7891, 9090]"
2026-09-07T00:16:56.2325410+08:00,[19264],[158806016],[10.09375],[432],[69767168],[21.125],"[7890, 7891, 9090]"
2026-09-07T00:17:01.3174860+08:00,[19264],[158806016],[10.109375],[432],[69783552],[21.140625],"[7890, 7891, 9090]"
2026-09-07T00:17:06.3799415+08:00,[19264],[158806016],[10.125],[432],[68513792],[21.140625],"[7890, 7891, 9090]"
2026-09-07T00:17:11.4079365+08:00,[19264],[158806016],[10.140625],[432],[68513792],[21.15625],"[7890, 7891, 9090]"
2026-09-07T00:17:16.4980942+08:00,[19264],[158806016],[10.140625],[432],[68513792],[21.15625],"[7890, 7891, 9090]"
2026-09-07T00:17:21.5789753+08:00,[19264],[159862784],[10.15625],[432],[68513792],[21.15625],"[7890, 7891, 9090]"
2026-09-07T00:17:26.6696016+08:00,[19264],[158806016],[10.171875],[432],[68513792],[21.1875],"[7890, 7891, 9090]"
2026-09-07T00:17:31.7380486+08:00,[19264],[158806016],[10.1875],[432],[68513792],[21.203125],"[7890, 7891, 9090]"
2026-09-07T00:17:36.8109420+08:00,[19264],[158806016],[10.203125],[432],[68513792],[21.203125],"[7890, 7891, 9090]"
2026-09-07T00:17:41.8617929+08:00,[19264],[158806016],[10.21875],[432],[68513792],[21.28125],"[7890, 7891, 9090]"
2026-09-07T00:17:46.9473356+08:00,[19264],[158806016],[10.234375],[432],[68513792],[21.328125],"[7890, 7891, 9090]"
2026-09-07T00:17:52.0713927+08:00,[19264],[158806016],[10.25],[432],[68513792],[21.328125],"[7890, 7891, 9090]"
2026-09-07T00:17:57.1894632+08:00,[19264],[158806016],[10.25],[432],[68513792],[21.375],"[7890, 7891, 9090]"
2026-09-07T00:18:02.2566721+08:00,[19264],[158806016],[10.25],[432],[68513792],[21.375],"[7890, 7891, 9090]"
2026-09-07T00:18:07.3117476+08:00,[19264],[158777344],[10.28125],[432],[68513792],[21.375],"[7890, 7891, 9090]"
2026-09-07T00:18:12.3830351+08:00,[19264],[158777344],[10.3125],[432],[68513792],[21.375],"[7890, 7891, 9090]"
2026-09-07T00:18:17.4487834+08:00,[19264],[158777344],[10.34375],[432],[68513792],[21.421875],"[7890, 7891, 9090]"
2026-09-07T00:18:22.4826778+08:00,[19264],[158777344],[10.375],[432],[68513792],[21.421875],"[7890, 7891, 9090]"
2026-09-07T00:18:27.5235007+08:00,[19264],[158777344],[10.390625],[432],[68513792],[21.484375],"[7890, 7891, 9090]"
2026-09-07T00:18:32.5937341+08:00,[19264],[158777344],[10.421875],[432],[68513792],[21.53125],"[7890, 7891, 9090]"
2026-09-07T00:18:37.6364796+08:00,[19264],[158806016],[10.4375],[432],[68517888],[21.53125],"[7890, 7891, 9090]"
2026-09-07T00:18:42.6991335+08:00,[19264],[158806016],[10.46875],[432],[68689920],[21.546875],"[7890, 7891, 9090]"
2026-09-07T00:18:47.7539077+08:00,[19264],[158806016],[10.484375],[432],[68689920],[21.59375],"[7890, 7891, 9090]"
2026-09-07T00:18:52.8363706+08:00,[19264],[158806016],[10.5],[432],[68722688],[21.59375],"[7890, 7891, 9090]"
2026-09-07T00:18:57.9050447+08:00,[19264],[158806016],[10.515625],[432],[69054464],[21.625],"[7890, 7891, 9090]"
2026-09-07T00:19:02.9614268+08:00,[19264],[158806016],[10.53125],[432],[69054464],[21.625],"[7890, 7891, 9090]"
2026-09-07T00:19:08.0527792+08:00,[19264],[158806016],[10.546875],[432],[69218304],[21.640625],"[7890, 7891, 9090]"
2026-09-07T00:19:13.1159233+08:00,[19264],[158806016],[10.578125],[432],[69218304],[21.65625],"[7890, 7891, 9090]"
2026-09-07T00:19:18.1851363+08:00,[19264],[158806016],[10.59375],[432],[69218304],[21.671875],"[7890, 7891, 9090]"
2026-09-07T00:19:23.2681615+08:00,[19264],[158806016],[10.609375],[432],[69218304],[21.6875],"[7890, 7891, 9090]"
2026-09-07T00:19:28.3198929+08:00,[19264],[158806016],[10.625],[432],[69218304],[21.703125],"[7890, 7891, 9090]"
2026-09-07T00:19:33.3736349+08:00,[19264],[158806016],[10.640625],[432],[69218304],[21.703125],"[7890, 7891, 9090]"
2026-09-07T00:19:38.4222150+08:00,[19264],[158806016],[10.65625],[432],[69218304],[21.734375],"[7890, 7891, 9090]"
2026-09-07T00:19:43.4881977+08:00,[19264],[158806016],[10.671875],[432],[69218304],[21.765625],"[7890, 7891, 9090]"
2026-09-07T00:19:48.6002473+08:00,[19264],[158806016],[10.6875],[432],[69218304],[21.78125],"[7890, 7891, 9090]"
2026-09-07T00:19:53.6754153+08:00,[19264],[158806016],[10.6875],[432],[69218304],[21.796875],"[7890, 7891, 9090]"
2026-09-07T00:19:58.7575892+08:00,[19264],[158806016],[10.703125],[432],[69218304],[21.828125],"[7890, 7891, 9090]"
2026-09-07T00:20:03.8256462+08:00,[19264],[158806016],[10.71875],[432],[69218304],[21.828125],"[7890, 7891, 9090]"
2026-09-07T00:20:08.8537582+08:00,[19264],[158806016],[10.71875],[432],[69218304],[21.84375],"[7890, 7891, 9090]"
2026-09-07T00:20:13.9196905+08:00,[19264],[158806016],[10.734375],[432],[69218304],[21.84375],"[7890, 7891, 9090]"
2026-09-07T00:20:19.0120069+08:00,[19264],[158806016],[10.734375],[432],[69218304],[21.953125],"[7890, 7891, 9090]"
2026-09-07T00:20:24.0919404+08:00,[19264],[159838208],[10.75],[432],[69218304],[22.109375],"[7890, 7891, 9090]"
